,date,neg,neu,pos,compound,isReply,isRetweet,keyWords
0,2023-04-17 20:36:48+00:00,0.181,0.739,0.08,-0.6258,True,False,['Genshin Impact']
1,2023-04-17 20:25:26+00:00,0.128,0.872,0.0,-0.296,False,False,['Genshin Impact']
2,2023-04-17 20:01:11+00:00,0.0,1.0,0.0,0.0,True,False,['Genshin Impact']
3,2023-04-17 19:14:29+00:00,0.0,0.962,0.038,0.2023,False,False,['Genshin Impact']
4,2023-04-17 19:08:13+00:00,0.0,1.0,0.0,0.0,False,False,['Genshin Impact']
5,2023-04-17 18:59:03+00:00,0.132,0.769,0.099,-0.3161,True,False,['Azur Lane']
6,2023-04-17 18:49:20+00:00,0.132,0.868,0.0,-0.5423,True,False,['Genshin Impact']
7,2023-04-17 18:27:55+00:00,0.047,0.799,0.155,0.6514,False,False,['Genshin Impact']
8,2023-04-17 18:19:30+00:00,0.04,0.96,0.0,-0.2023,True,False,['Genshin Impact']
9,2023-04-17 16:58:12+00:00,0.02,0.631,0.348,0.9715,True,False,['Genshin Impact']
10,2023-04-17 16:50:35+00:00,0.1,0.827,0.074,-0.2808,False,False,['Azur Lane']
11,2023-04-17 16:34:29+00:00,0.0,0.923,0.077,0.128,True,False,['Genshin Impact']
12,2023-04-17 16:19:33+00:00,0.048,0.711,0.241,0.8779,True,False,['Genshin Impact']
13,2023-04-17 15:49:26+00:00,0.139,0.805,0.056,-0.5267,True,False,['Genshin Impact']
14,2023-04-17 15:28:47+00:00,0.057,0.852,0.092,0.3818,True,False,['Genshin Impact']
15,2023-04-17 15:22:31+00:00,0.139,0.737,0.124,-0.1531,False,False,['Genshin Impact']
16,2023-04-17 15:18:07+00:00,0.0,0.855,0.145,0.6956,True,False,['Genshin Impact']
17,2023-04-17 15:00:54+00:00,0.0,0.83,0.17,0.6486,False,False,['Genshin Impact']
18,2023-04-17 14:47:18+00:00,0.0,0.714,0.286,0.4939,True,False,['Granblue Fantasy']
19,2023-04-17 14:44:15+00:00,0.088,0.843,0.068,-0.128,True,False,[]
20,2023-04-17 14:30:54+00:00,0.054,0.782,0.164,0.7469,True,False,['Genshin Impact']
21,2023-04-17 14:24:14+00:00,0.161,0.796,0.043,-0.5514,True,False,[]
22,2023-04-17 13:54:28+00:00,0.0,0.85,0.15,0.3182,False,False,['Genshin Impact']
23,2023-04-17 13:22:14+00:00,0.083,0.728,0.189,0.5423,True,False,['Genshin Impact']
24,2023-04-17 10:40:31+00:00,0.114,0.851,0.035,-0.631,False,False,['Genshin Impact']
25,2023-04-17 10:34:46+00:00,0.163,0.837,0.0,-0.7178,False,False,['Genshin Impact']
26,2023-04-17 10:00:52+00:00,0.066,0.772,0.162,0.6819,False,False,['Genshin Impact']
27,2023-04-17 09:36:59+00:00,0.066,0.783,0.151,0.4215,True,False,[]
28,2023-04-17 09:18:55+00:00,0.074,0.805,0.121,0.2023,True,False,['Genshin Impact']
29,2023-04-17 08:27:14+00:00,0.0,1.0,0.0,0.0,True,False,[]
30,2023-04-17 07:11:17+00:00,0.0,1.0,0.0,0.0,True,False,[]
31,2023-04-17 06:15:53+00:00,0.0,0.834,0.166,0.7769,True,False,['Azur Lane']
32,2023-04-17 05:34:40+00:00,0.136,0.818,0.047,-0.6652,True,False,['Genshin Impact']
33,2023-04-17 04:50:37+00:00,0.093,0.798,0.109,-0.0258,False,False,['Genshin Impact']
34,2023-04-17 04:07:25+00:00,0.105,0.841,0.054,-0.4019,False,False,['Genshin Impact']
35,2023-04-17 04:00:24+00:00,0.127,0.873,0.0,-0.4404,True,False,['Genshin Impact']
36,2023-04-17 03:51:17+00:00,0.0,0.866,0.134,0.6249,True,False,['Genshin Impact']
37,2023-04-17 03:48:30+00:00,0.077,0.818,0.106,0.1551,False,False,['Genshin Impact']
38,2023-04-17 03:01:06+00:00,0.0,0.89,0.11,0.6239,True,False,['Genshin Impact']
39,2023-04-17 00:56:37+00:00,0.0,0.417,0.583,0.6369,False,False,['Genshin Impact']
40,2023-04-17 00:30:03+00:00,0.0,0.752,0.248,0.802,False,False,['Azur Lane']
41,2023-04-16 22:12:44+00:00,0.0,0.694,0.306,0.5473,True,False,['Genshin Impact']
42,2023-04-16 22:04:32+00:00,0.097,0.814,0.089,0.3612,False,False,['Genshin Impact']
43,2023-04-16 21:54:00+00:00,0.265,0.623,0.113,-0.5994,True,False,[]
44,2023-04-16 20:28:29+00:00,0.067,0.787,0.146,0.4019,False,False,['Genshin Impact']
45,2023-04-16 20:25:23+00:00,0.0,0.804,0.196,0.296,True,False,['Azur Lane']
46,2023-04-16 19:59:33+00:00,0.128,0.758,0.114,-0.0772,False,False,['Granblue Fantasy']
47,2023-04-16 19:06:49+00:00,0.106,0.842,0.052,-0.4019,True,False,['Genshin Impact']
48,2023-04-16 18:25:52+00:00,0.241,0.685,0.074,-0.7266,True,False,['Genshin Impact']
49,2023-04-16 18:18:13+00:00,0.181,0.665,0.154,-0.3716,False,False,['Genshin Impact']
50,2023-04-16 17:23:39+00:00,0.212,0.596,0.192,-0.0772,False,False,['Genshin Impact']
51,2023-04-16 17:19:04+00:00,0.0,0.867,0.133,0.4724,False,False,['Genshin Impact']
52,2023-04-16 16:50:57+00:00,0.21,0.719,0.071,-0.8675,True,False,['Genshin Impact']
53,2023-04-16 16:39:33+00:00,0.188,0.657,0.155,-0.0928,True,False,['Genshin Impact']
54,2023-04-16 16:08:56+00:00,0.249,0.618,0.133,-0.695,False,False,['Genshin Impact']
55,2023-04-16 16:05:56+00:00,0.261,0.658,0.081,-0.7739,True,False,['Genshin Impact']
56,2023-04-16 15:44:22+00:00,0.0,0.544,0.456,0.872,False,False,['Genshin Impact']
57,2023-04-16 15:06:56+00:00,0.0,0.877,0.123,0.6369,True,False,['Genshin Impact']
58,2023-04-16 14:56:12+00:00,0.0,1.0,0.0,0.0,False,False,['Genshin Impact']
59,2023-04-16 14:54:56+00:00,0.0,0.894,0.106,0.0772,False,False,['Genshin Impact']
60,2023-04-16 14:54:40+00:00,0.156,0.763,0.081,-0.6187,False,False,['Genshin Impact']
61,2023-04-16 14:47:31+00:00,0.0,0.833,0.167,0.34,True,False,[]
62,2023-04-16 13:52:19+00:00,0.148,0.757,0.095,-0.4019,False,False,['Genshin Impact']
63,2023-04-16 13:47:06+00:00,0.0,0.902,0.098,0.34,True,False,['Genshin Impact']
64,2023-04-16 12:59:47+00:00,0.085,0.876,0.039,-0.3619,False,False,['Genshin Impact']
65,2023-04-16 12:59:36+00:00,0.0,0.878,0.122,0.2023,False,False,['Genshin Impact']
66,2023-04-16 12:59:30+00:00,0.0,0.65,0.35,0.8225,False,False,['Genshin Impact']
67,2023-04-16 12:58:07+00:00,0.145,0.681,0.174,0.0772,True,False,['Genshin Impact']
68,2023-04-16 12:51:40+00:00,0.0,0.878,0.122,0.4939,False,False,['Genshin Impact']
69,2023-04-16 12:44:13+00:00,0.0,1.0,0.0,0.0,True,False,['Genshin Impact']
70,2023-04-16 12:29:26+00:00,0.068,0.655,0.277,0.7184,True,False,['Genshin Impact']
71,2023-04-16 12:09:20+00:00,0.193,0.704,0.103,-0.5574,False,False,['Genshin Impact']
72,2023-04-16 10:24:29+00:00,0.0,0.847,0.153,0.2023,False,False,['Azur Lane']
73,2023-04-16 09:10:35+00:00,0.0,0.817,0.183,0.8519,True,False,['Genshin Impact']
74,2023-04-16 09:03:07+00:00,0.07,0.878,0.052,-0.4404,True,False,['Genshin Impact']
75,2023-04-16 07:18:23+00:00,0.0,0.726,0.274,0.2235,True,False,[]
76,2023-04-16 07:14:41+00:00,0.0,0.89,0.11,0.2732,True,False,[]
77,2023-04-16 07:05:48+00:00,0.0,0.896,0.104,0.101,True,False,[]
78,2023-04-16 06:59:29+00:00,0.066,0.88,0.054,-0.1149,True,False,['Genshin Impact']
79,2023-04-16 06:44:19+00:00,0.277,0.723,0.0,-0.8314,False,False,['Genshin Impact']
80,2023-04-16 06:30:41+00:00,0.288,0.712,0.0,-0.7082,False,False,['Genshin Impact']
81,2023-04-16 06:29:38+00:00,0.19,0.739,0.071,-0.4215,False,False,['Genshin Impact']
82,2023-04-16 05:46:10+00:00,0.0,0.548,0.452,0.765,False,False,['Genshin Impact']
83,2023-04-16 05:21:08+00:00,0.1,0.787,0.113,0.1349,False,False,['Genshin Impact']
84,2023-04-16 04:51:08+00:00,0.301,0.699,0.0,-0.9313,False,False,['Genshin Impact']
85,2023-04-16 04:14:54+00:00,0.06,0.94,0.0,-0.1531,True,False,[]
86,2023-04-16 04:01:04+00:00,0.114,0.844,0.042,-0.4939,True,False,[]
87,2023-04-16 03:51:28+00:00,0.0,0.825,0.175,0.5588,True,False,['Genshin Impact']
88,2023-04-16 03:34:04+00:00,0.044,0.881,0.075,0.3818,True,False,['Genshin Impact']
89,2023-04-16 03:05:52+00:00,0.154,0.662,0.183,0.1781,True,False,[]
90,2023-04-16 02:40:18+00:00,0.083,0.689,0.228,0.9062,True,False,['Genshin Impact']
91,2023-04-16 02:23:13+00:00,0.0,0.738,0.262,0.4927,True,False,['Genshin Impact']
92,2023-04-16 01:58:30+00:00,0.0,0.808,0.192,0.6095,False,False,['Genshin Impact']
93,2023-04-16 01:48:09+00:00,0.066,0.89,0.044,-0.25,True,False,['Genshin Impact']
94,2023-04-16 01:02:51+00:00,0.214,0.745,0.042,-0.8345,False,False,['Genshin Impact']
95,2023-04-16 00:51:30+00:00,0.108,0.892,0.0,-0.3713,True,False,['Genshin Impact']
96,2023-04-16 00:49:01+00:00,0.066,0.619,0.315,0.8704,False,False,['Genshin Impact']
97,2023-04-16 00:25:04+00:00,0.0,0.934,0.066,0.4404,False,False,['Genshin Impact']
98,2023-04-16 00:18:50+00:00,0.121,0.879,0.0,-0.4404,True,False,['Genshin Impact']
99,2023-04-16 00:07:52+00:00,0.0,0.804,0.196,0.8585,True,False,['Genshin Impact']
100,2023-04-15 22:45:12+00:00,0.0,0.769,0.231,0.93,True,False,['Genshin Impact']
101,2023-04-15 22:37:05+00:00,0.0,0.667,0.333,0.7178,True,False,['Genshin Impact']
102,2023-04-15 21:53:12+00:00,0.0,0.756,0.244,0.4404,True,False,['Raid Shadow Legends']
103,2023-04-15 20:49:29+00:00,0.177,0.823,0.0,-0.5319,True,False,['Genshin Impact']
104,2023-04-15 20:43:48+00:00,0.0,1.0,0.0,0.0,True,False,['Genshin Impact']
105,2023-04-15 20:26:37+00:00,0.081,0.919,0.0,-0.4879,True,False,['Genshin Impact']
106,2023-04-15 20:09:53+00:00,0.0,1.0,0.0,0.0,False,False,['Genshin Impact']
107,2023-04-15 20:09:01+00:00,0.0,0.388,0.612,0.743,True,False,[]
108,2023-04-15 20:07:52+00:00,0.167,0.735,0.098,-0.4005,True,False,['Genshin Impact']
109,2023-04-15 20:04:52+00:00,0.0,1.0,0.0,0.0,False,False,['Genshin Impact']
110,2023-04-15 19:41:23+00:00,0.08,0.783,0.137,0.4404,False,False,['Genshin Impact']
111,2023-04-15 18:53:52+00:00,0.0,0.81,0.19,0.8591,True,False,['Genshin Impact']
112,2023-04-15 18:07:03+00:00,0.0,0.786,0.214,0.5994,False,False,['Genshin Impact']
113,2023-04-15 18:05:24+00:00,0.112,0.833,0.054,-0.4201,True,False,['Genshin Impact']
114,2023-04-15 17:20:51+00:00,0.093,0.831,0.076,-0.1779,False,False,['Genshin Impact']
115,2023-04-15 17:13:13+00:00,0.15,0.85,0.0,-0.7351,False,False,['Genshin Impact']
116,2023-04-15 16:55:35+00:00,0.079,0.698,0.223,0.5478,False,False,['Genshin Impact']
117,2023-04-15 16:07:42+00:00,0.0,0.786,0.214,0.7003,True,False,['Genshin Impact']
118,2023-04-15 15:44:41+00:00,0.135,0.631,0.234,0.296,True,False,['Genshin Impact']
119,2023-04-15 15:17:10+00:00,0.0,0.769,0.231,0.34,False,False,['Genshin Impact']
120,2023-04-15 14:36:34+00:00,0.0,0.825,0.175,0.8271,True,False,['Genshin Impact']
121,2023-04-15 14:35:53+00:00,0.124,0.777,0.098,0.0,True,False,['Genshin Impact']
122,2023-04-15 14:35:20+00:00,0.109,0.794,0.097,0.0772,False,False,['Genshin Impact']
123,2023-04-15 14:34:29+00:00,0.116,0.742,0.142,-0.2799,True,False,['Genshin Impact']
124,2023-04-15 14:29:46+00:00,0.0,0.802,0.198,0.4939,True,False,['Genshin Impact']
125,2023-04-15 14:28:51+00:00,0.0,0.953,0.047,0.3182,True,False,['Genshin Impact']
126,2023-04-15 14:16:04+00:00,0.053,0.947,0.0,-0.1027,True,False,['Genshin Impact']
127,2023-04-15 14:10:43+00:00,0.0,0.798,0.202,0.5106,False,False,['Genshin Impact']
128,2023-04-15 14:06:59+00:00,0.35,0.65,0.0,-0.8948,False,False,['Genshin Impact']
129,2023-04-15 13:46:02+00:00,0.064,0.822,0.114,0.4956,False,False,['Genshin Impact']
130,2023-04-15 13:43:24+00:00,0.055,0.795,0.151,0.594,True,False,['Genshin Impact']
131,2023-04-15 12:53:31+00:00,0.173,0.827,0.0,-0.5878,True,False,['Genshin Impact']
132,2023-04-15 12:18:15+00:00,0.0,0.714,0.286,0.6815,False,False,['Genshin Impact']
133,2023-04-15 12:11:29+00:00,0.0,0.773,0.227,0.802,True,False,['Genshin Impact']
134,2023-04-15 11:55:16+00:00,0.343,0.657,0.0,-0.8555,False,False,['Genshin Impact']
135,2023-04-15 10:48:51+00:00,0.088,0.912,0.0,-0.3818,True,False,['Genshin Impact']
136,2023-04-15 10:25:10+00:00,0.0,1.0,0.0,0.0,True,False,[]
137,2023-04-15 09:08:36+00:00,0.286,0.714,0.0,-0.5574,True,False,['Genshin Impact']
138,2023-04-15 07:22:22+00:00,0.0,0.805,0.195,0.4804,False,False,['Genshin Impact']
139,2023-04-15 07:01:03+00:00,0.049,0.951,0.0,-0.1027,False,False,['Granblue Fantasy']
140,2023-04-15 06:23:07+00:00,0.091,0.909,0.0,-0.5095,False,False,['Genshin Impact']
141,2023-04-15 05:37:44+00:00,0.0,0.688,0.312,0.9408,True,False,['Genshin Impact']
142,2023-04-15 05:01:09+00:00,0.153,0.685,0.161,-0.2023,False,False,['Genshin Impact']
143,2023-04-15 04:32:19+00:00,0.06,0.805,0.135,0.6794,True,False,"['Genshin Impact', 'Granblue Fantasy']"
144,2023-04-15 04:22:09+00:00,0.0,1.0,0.0,0.0,False,False,['Genshin Impact']
145,2023-04-15 03:52:30+00:00,0.042,0.672,0.286,0.795,True,False,['Genshin Impact']
146,2023-04-15 03:24:40+00:00,0.235,0.666,0.099,-0.8635,False,False,['Genshin Impact']
147,2023-04-15 03:12:56+00:00,0.0,1.0,0.0,0.0,False,False,['Genshin Impact']
148,2023-04-15 02:49:33+00:00,0.215,0.543,0.242,0.0176,True,False,['Azur Lane']
149,2023-04-15 02:32:29+00:00,0.138,0.862,0.0,-0.34,True,False,['Genshin Impact']
150,2023-04-15 02:30:07+00:00,0.0,0.721,0.279,0.7345,True,False,['Genshin Impact']
151,2023-04-15 02:10:21+00:00,0.0,0.945,0.055,0.4574,True,False,"['Genshin Impact', 'Fire Emblem Heroes']"
152,2023-04-15 01:54:27+00:00,0.186,0.766,0.048,-0.8503,True,False,['Genshin Impact']
153,2023-04-15 01:47:15+00:00,0.054,0.588,0.358,0.7713,False,False,['Genshin Impact']
154,2023-04-15 01:34:28+00:00,0.1,0.75,0.15,0.296,True,False,['Genshin Impact']
155,2023-04-15 01:30:34+00:00,0.0,0.506,0.494,0.5994,False,False,['Genshin Impact']
156,2023-04-15 00:32:25+00:00,0.115,0.818,0.067,-0.3182,False,False,['Genshin Impact']
157,2023-04-15 00:25:47+00:00,0.077,0.872,0.05,-0.3377,False,False,['Granblue Fantasy']
158,2023-04-15 00:25:33+00:00,0.0,1.0,0.0,0.0,False,False,['Genshin Impact']
159,2023-04-15 00:14:08+00:00,0.084,0.734,0.182,0.5584,False,False,['Genshin Impact']
160,2023-04-14 23:45:51+00:00,0.2,0.647,0.153,-0.2577,True,False,['Genshin Impact']
161,2023-04-14 23:26:43+00:00,0.0,0.92,0.08,0.0772,False,False,['Genshin Impact']
162,2023-04-14 23:11:11+00:00,0.306,0.515,0.179,-0.498,True,False,['Genshin Impact']
163,2023-04-14 22:46:32+00:00,0.0,0.535,0.465,0.9386,True,False,['Genshin Impact']
164,2023-04-14 22:13:42+00:00,0.0,0.808,0.192,0.9204,True,False,['Genshin Impact']
165,2023-04-14 21:58:47+00:00,0.0,0.835,0.165,0.8192,False,False,['Genshin Impact']
166,2023-04-14 21:47:00+00:00,0.0,0.923,0.077,0.504,True,False,['Genshin Impact']
167,2023-04-14 21:03:09+00:00,0.0,0.544,0.456,0.872,True,False,['Genshin Impact']
168,2023-04-14 20:58:04+00:00,0.0,1.0,0.0,0.0,False,False,['Genshin Impact']
169,2023-04-14 19:56:43+00:00,0.093,0.503,0.404,0.8858,True,False,['Genshin Impact']
170,2023-04-14 19:42:55+00:00,0.0,0.542,0.458,0.9366,True,False,[]
171,2023-04-14 19:30:13+00:00,0.107,0.839,0.054,-0.5749,True,False,['Genshin Impact']
172,2023-04-14 18:48:36+00:00,0.0,0.903,0.097,0.3089,True,False,['Genshin Impact']
173,2023-04-14 18:17:13+00:00,0.0,0.817,0.183,0.7717,True,False,['Genshin Impact']
174,2023-04-14 18:16:24+00:00,0.0,0.739,0.261,0.5574,True,False,['Genshin Impact']
175,2023-04-14 17:49:54+00:00,0.158,0.842,0.0,-0.4588,True,False,[]
176,2023-04-14 17:38:07+00:00,0.081,0.919,0.0,-0.296,True,False,['Genshin Impact']
177,2023-04-14 17:27:00+00:00,0.0,1.0,0.0,0.0,False,False,['Genshin Impact']
178,2023-04-14 16:59:56+00:00,0.0,0.906,0.094,0.4572,False,False,['Genshin Impact']
179,2023-04-14 16:29:32+00:00,0.0,0.917,0.083,0.2263,True,False,['Genshin Impact']
180,2023-04-14 16:01:07+00:00,0.051,0.833,0.116,0.4215,True,False,['Genshin Impact']
181,2023-04-14 16:00:56+00:00,0.0,0.45,0.55,0.9042,True,False,['Azur Lane']
182,2023-04-14 15:56:24+00:00,0.0,1.0,0.0,0.0,True,False,['Genshin Impact']
183,2023-04-14 15:52:10+00:00,0.167,0.731,0.102,-0.5458,False,False,['Genshin Impact']
184,2023-04-14 15:48:15+00:00,0.021,0.866,0.113,0.729,True,False,['Genshin Impact']
185,2023-04-14 15:22:32+00:00,0.109,0.891,0.0,-0.1511,False,False,['Genshin Impact']
186,2023-04-14 15:17:21+00:00,0.266,0.604,0.13,-0.6705,True,False,['Genshin Impact']
187,2023-04-14 15:09:29+00:00,0.209,0.709,0.082,-0.5256,True,False,['Genshin Impact']
188,2023-04-14 14:29:25+00:00,0.0,0.598,0.402,0.8555,True,False,['Genshin Impact']
189,2023-04-14 14:22:01+00:00,0.0,0.556,0.444,0.8016,False,False,['Genshin Impact']
190,2023-04-14 13:38:03+00:00,0.085,0.654,0.261,0.891,True,False,['Genshin Impact']
191,2023-04-14 13:35:00+00:00,0.0,0.709,0.291,0.9171,False,False,['Genshin Impact']
192,2023-04-14 12:42:05+00:00,0.12,0.826,0.054,-0.5423,False,False,['Genshin Impact']
193,2023-04-14 12:28:54+00:00,0.0,0.678,0.322,0.8429,False,False,['Genshin Impact']
194,2023-04-14 12:25:07+00:00,0.0,1.0,0.0,0.0,True,False,[]
195,2023-04-14 11:53:58+00:00,0.0,0.679,0.321,0.6369,False,False,['Genshin Impact']
196,2023-04-14 11:49:21+00:00,0.0,1.0,0.0,0.0,True,False,['Granblue Fantasy']
197,2023-04-14 11:42:48+00:00,0.0,0.9,0.1,0.4588,False,False,['Genshin Impact']
198,2023-04-14 10:50:54+00:00,0.0,0.872,0.128,0.6448,True,False,['Azur Lane']
199,2023-04-14 10:23:42+00:00,0.086,0.766,0.147,0.2933,False,False,['Genshin Impact']
200,2023-04-14 09:59:12+00:00,0.106,0.745,0.149,0.2023,True,False,['Azur Lane']
201,2023-04-14 09:59:10+00:00,0.0,1.0,0.0,0.0,True,False,['Genshin Impact']
202,2023-04-14 09:37:43+00:00,0.127,0.553,0.319,0.7875,True,False,['Genshin Impact']
203,2023-04-14 09:21:46+00:00,0.276,0.724,0.0,-0.6369,True,False,[]
204,2023-04-14 09:19:29+00:00,0.176,0.752,0.072,-0.3919,False,False,['Genshin Impact']
205,2023-04-14 09:05:31+00:00,0.0,1.0,0.0,0.0,False,False,['Genshin Impact']
206,2023-04-14 07:10:45+00:00,0.075,0.723,0.202,0.6792,False,False,['Genshin Impact']
207,2023-04-14 06:09:56+00:00,0.0,0.793,0.207,0.7776,True,False,['Genshin Impact']
208,2023-04-14 06:01:19+00:00,0.0,0.932,0.068,0.34,True,False,['Genshin Impact']
209,2023-04-14 05:37:32+00:00,0.108,0.5,0.392,0.771,False,False,['Genshin Impact']
210,2023-04-14 05:17:19+00:00,0.223,0.67,0.106,-0.7351,False,False,['Azur Lane']
211,2023-04-14 05:08:11+00:00,0.03,0.719,0.252,0.8885,False,False,['Genshin Impact']
212,2023-04-14 05:02:07+00:00,0.112,0.549,0.339,0.9246,True,False,['Granblue Fantasy']
213,2023-04-14 04:53:46+00:00,0.07,0.881,0.049,-0.2732,True,False,['Granblue Fantasy']
214,2023-04-14 04:36:48+00:00,0.0,1.0,0.0,0.0,True,False,['Granblue Fantasy']
215,2023-04-14 04:34:46+00:00,0.0,0.87,0.13,0.2732,False,False,['Genshin Impact']
216,2023-04-14 04:03:59+00:00,0.26,0.576,0.163,-0.6166,False,False,['Genshin Impact']
217,2023-04-14 01:44:20+00:00,0.086,0.647,0.267,0.8807,True,False,['Genshin Impact']
218,2023-04-14 00:24:57+00:00,0.0,0.8,0.2,0.5423,True,False,['Genshin Impact']
219,2023-04-14 00:09:41+00:00,0.0,0.705,0.295,0.7783,True,False,['Genshin Impact']
220,2023-04-14 00:01:55+00:00,0.115,0.737,0.147,0.0772,False,False,['Genshin Impact']
221,2023-04-13 22:28:25+00:00,0.116,0.884,0.0,-0.4404,False,False,['Genshin Impact']
222,2023-04-13 22:13:30+00:00,0.0,0.789,0.211,0.4939,False,False,['Genshin Impact']
223,2023-04-13 22:11:08+00:00,0.068,0.832,0.1,0.2415,False,False,['Genshin Impact']
224,2023-04-13 22:09:04+00:00,0.206,0.712,0.082,-0.8139,True,False,['Genshin Impact']
225,2023-04-13 22:08:21+00:00,0.0,1.0,0.0,0.0,True,False,['Genshin Impact']
226,2023-04-13 22:08:15+00:00,0.0,0.78,0.22,0.5673,True,False,['Genshin Impact']
227,2023-04-13 21:53:08+00:00,0.0,0.783,0.217,0.8899,False,False,['Genshin Impact']
228,2023-04-13 19:54:24+00:00,0.267,0.517,0.216,-0.7927,False,False,['Genshin Impact']
229,2023-04-13 19:42:13+00:00,0.022,0.669,0.309,0.9633,False,False,['Genshin Impact']
230,2023-04-13 19:39:48+00:00,0.0,0.788,0.212,0.8092,True,False,['Genshin Impact']
231,2023-04-13 19:38:53+00:00,0.0,1.0,0.0,0.0,False,False,['Genshin Impact']
232,2023-04-13 19:07:00+00:00,0.041,0.959,0.0,-0.1232,False,False,['Genshin Impact']
233,2023-04-13 19:00:40+00:00,0.291,0.709,0.0,-0.6249,True,False,['Genshin Impact']
234,2023-04-13 19:00:37+00:00,0.083,0.833,0.083,0.25,False,False,['Genshin Impact']
235,2023-04-13 18:48:07+00:00,0.0,0.911,0.089,0.1901,True,False,['Genshin Impact']
236,2023-04-13 18:38:28+00:00,0.0,0.759,0.241,0.6597,True,False,['Genshin Impact']
237,2023-04-13 18:34:08+00:00,0.0,0.713,0.287,0.8586,True,False,['Genshin Impact']
238,2023-04-13 18:01:43+00:00,0.215,0.616,0.169,-0.3881,True,False,['Genshin Impact']
239,2023-04-13 17:37:30+00:00,0.0,0.764,0.236,0.34,True,False,['Genshin Impact']
240,2023-04-13 17:37:06+00:00,0.0,1.0,0.0,0.0,False,False,['Genshin Impact']
241,2023-04-13 17:07:33+00:00,0.0,0.733,0.267,0.8481,True,False,['Genshin Impact']
242,2023-04-13 16:40:20+00:00,0.038,0.755,0.207,0.82,True,False,['Genshin Impact']
243,2023-04-13 16:28:43+00:00,0.0,1.0,0.0,0.0,True,False,[]
244,2023-04-13 16:23:38+00:00,0.173,0.749,0.078,-0.4445,False,False,['Genshin Impact']
245,2023-04-13 16:23:28+00:00,0.0,1.0,0.0,0.0,True,False,['Genshin Impact']
246,2023-04-13 15:39:17+00:00,0.0,0.584,0.416,0.8192,True,False,['Genshin Impact']
247,2023-04-13 15:32:49+00:00,0.11,0.89,0.0,-0.5719,True,False,['Genshin Impact']
248,2023-04-13 15:26:14+00:00,0.194,0.704,0.102,-0.4151,False,False,['Genshin Impact']
249,2023-04-13 15:03:02+00:00,0.17,0.657,0.173,0.0516,True,False,['Raid Shadow Legends']
250,2023-04-13 14:09:12+00:00,0.0,0.825,0.175,0.5598,True,False,['Genshin Impact']
251,2023-04-13 14:00:19+00:00,0.0,0.629,0.371,0.7096,False,False,['Genshin Impact']
252,2023-04-13 13:57:57+00:00,0.0,1.0,0.0,0.0,False,False,['Genshin Impact']
253,2023-04-13 13:42:53+00:00,0.0,0.562,0.438,0.7906,True,False,['Genshin Impact']
254,2023-04-13 13:36:46+00:00,0.0,0.786,0.214,0.8462,True,False,['Granblue Fantasy']
255,2023-04-13 13:36:43+00:00,0.0,0.884,0.116,0.3612,True,False,['Genshin Impact']
256,2023-04-13 13:29:44+00:00,0.102,0.752,0.146,0.0129,True,False,['Genshin Impact']
257,2023-04-13 13:20:43+00:00,0.0,1.0,0.0,0.0,True,False,[]
258,2023-04-13 12:37:18+00:00,0.196,0.615,0.189,-0.0605,False,False,['Genshin Impact']
259,2023-04-13 12:31:37+00:00,0.0,0.646,0.354,0.8555,False,False,['Genshin Impact']
260,2023-04-13 12:20:03+00:00,0.065,0.692,0.243,0.8902,True,False,['Genshin Impact']
261,2023-04-13 12:13:54+00:00,0.0,0.664,0.336,0.9531,False,False,['Genshin Impact']
262,2023-04-13 11:48:27+00:00,0.071,0.929,0.0,-0.1531,False,False,['Genshin Impact']
263,2023-04-13 11:12:10+00:00,0.062,0.803,0.135,0.4215,False,False,['Genshin Impact']
264,2023-04-13 10:59:57+00:00,0.261,0.739,0.0,-0.9194,False,False,['Genshin Impact']
265,2023-04-13 10:35:58+00:00,0.0,0.821,0.179,0.34,False,False,['Genshin Impact']
266,2023-04-13 09:54:28+00:00,0.0,0.843,0.157,0.4404,True,False,['Genshin Impact']
267,2023-04-13 09:03:15+00:00,0.162,0.838,0.0,-0.594,True,False,['Genshin Impact']
268,2023-04-13 09:01:02+00:00,0.151,0.767,0.082,-0.6311,True,False,['Genshin Impact']
269,2023-04-13 08:29:13+00:00,0.032,0.671,0.297,0.9042,True,False,['Azur Lane']
270,2023-04-13 08:27:16+00:00,0.0,1.0,0.0,0.0,True,False,['Genshin Impact']
271,2023-04-13 07:36:58+00:00,0.0,0.731,0.269,0.8279,False,False,['Genshin Impact']
272,2023-04-13 07:34:00+00:00,0.157,0.843,0.0,-0.6229,True,False,['Genshin Impact']
273,2023-04-13 07:22:05+00:00,0.267,0.673,0.061,-0.7299,True,False,['Genshin Impact']
274,2023-04-13 07:18:30+00:00,0.094,0.906,0.0,-0.4003,False,False,['Genshin Impact']
275,2023-04-13 07:18:20+00:00,0.0,0.867,0.133,0.6124,True,False,['Azur Lane']
276,2023-04-13 06:57:54+00:00,0.042,0.895,0.063,0.2617,True,False,['Genshin Impact']
277,2023-04-13 06:51:47+00:00,0.0,1.0,0.0,0.0,True,False,['Genshin Impact']
278,2023-04-13 06:25:53+00:00,0.0,0.725,0.275,0.466,True,False,['Genshin Impact']
279,2023-04-13 06:19:36+00:00,0.0,0.806,0.194,0.8035,True,False,['Genshin Impact']
280,2023-04-13 05:33:04+00:00,0.0,1.0,0.0,0.0,False,False,['Genshin Impact']
281,2023-04-13 05:16:15+00:00,0.0,0.808,0.192,0.7324,True,False,['Genshin Impact']
282,2023-04-13 05:06:03+00:00,0.042,0.684,0.274,0.7768,False,False,['Genshin Impact']
283,2023-04-13 04:58:57+00:00,0.0,0.675,0.325,0.91,True,False,['Genshin Impact']
284,2023-04-13 04:54:25+00:00,0.046,0.805,0.149,0.636,False,False,['Genshin Impact']
285,2023-04-13 04:25:46+00:00,0.054,0.518,0.428,0.9288,True,False,['Fire Emblem Heroes']
286,2023-04-13 04:20:46+00:00,0.328,0.569,0.102,-0.6077,False,False,['Genshin Impact']
287,2023-04-13 04:07:39+00:00,0.157,0.697,0.146,0.1357,True,False,['Genshin Impact']
288,2023-04-13 03:31:02+00:00,0.097,0.671,0.232,0.4953,True,False,['Nier Reincarnation']
289,2023-04-13 02:59:47+00:00,0.092,0.833,0.074,0.0516,True,False,['Genshin Impact']
290,2023-04-13 02:55:17+00:00,0.158,0.842,0.0,-0.1761,False,False,['Genshin Impact']
291,2023-04-13 02:16:27+00:00,0.08,0.92,0.0,-0.0772,True,False,[]
292,2023-04-13 01:53:52+00:00,0.0,1.0,0.0,0.0,False,False,['Genshin Impact']
293,2023-04-13 01:52:50+00:00,0.105,0.85,0.045,-0.4588,True,False,['Genshin Impact']
294,2023-04-13 01:04:06+00:00,0.0,0.847,0.153,0.2023,True,False,['Genshin Impact']
295,2023-04-13 00:06:36+00:00,0.0,1.0,0.0,0.0,False,False,['Genshin Impact']
296,2023-04-12 23:06:28+00:00,0.0,1.0,0.0,0.0,False,False,['Genshin Impact']
297,2023-04-12 22:27:33+00:00,0.084,0.916,0.0,-0.296,True,False,['Genshin Impact']
298,2023-04-12 22:17:49+00:00,0.0,0.861,0.139,0.4404,True,False,['Genshin Impact']
299,2023-04-12 22:06:18+00:00,0.079,0.808,0.113,0.0,True,False,['Genshin Impact']
300,2023-04-12 21:47:48+00:00,0.0,0.874,0.126,0.1511,False,False,['Genshin Impact']
301,2023-04-12 21:44:51+00:00,0.243,0.757,0.0,-0.8127,False,False,['Genshin Impact']
302,2023-04-12 21:35:22+00:00,0.0,0.814,0.186,0.1531,True,False,['Street Fighter: Duel']
303,2023-04-12 21:24:43+00:00,0.0,0.601,0.399,0.743,False,False,"['Genshin Impact', ""Girl's Frontline""]"
304,2023-04-12 21:15:41+00:00,0.0,0.745,0.255,0.9471,False,False,['Genshin Impact']
305,2023-04-12 21:13:55+00:00,0.0,1.0,0.0,0.0,True,False,['Granblue Fantasy']
306,2023-04-12 21:12:45+00:00,0.0,0.875,0.125,0.5106,False,False,['Fire Emblem Heroes']
307,2023-04-12 21:06:28+00:00,0.127,0.77,0.103,-0.5159,False,False,['Genshin Impact']
308,2023-04-12 21:04:12+00:00,0.145,0.855,0.0,-0.296,False,False,['Genshin Impact']
309,2023-04-12 20:48:50+00:00,0.286,0.714,0.0,-0.5267,False,False,['Genshin Impact']
310,2023-04-12 20:31:29+00:00,0.129,0.71,0.161,-0.0644,False,False,['Genshin Impact']
311,2023-04-12 19:55:14+00:00,0.126,0.564,0.31,0.7964,True,False,['Street Fighter: Duel']
312,2023-04-12 19:41:22+00:00,0.319,0.616,0.066,-0.9659,False,False,['Genshin Impact']
313,2023-04-12 19:23:01+00:00,0.115,0.825,0.061,-0.4753,False,False,['Genshin Impact']
314,2023-04-12 19:07:00+00:00,0.0,0.861,0.139,0.4404,False,False,['Genshin Impact']
315,2023-04-12 19:03:54+00:00,0.211,0.789,0.0,-0.8916,False,False,['Genshin Impact']
316,2023-04-12 18:30:22+00:00,0.156,0.844,0.0,-0.5423,False,False,['Genshin Impact']
317,2023-04-12 17:57:10+00:00,0.29,0.535,0.176,-0.6114,False,False,['Genshin Impact']
318,2023-04-12 17:48:35+00:00,0.0,0.927,0.073,0.296,True,False,"['Genshin Impact', 'Granblue Fantasy']"
319,2023-04-12 17:47:00+00:00,0.209,0.684,0.106,-0.4019,False,False,['Genshin Impact']
320,2023-04-12 17:42:54+00:00,0.033,0.776,0.191,0.829,False,False,['Genshin Impact']
321,2023-04-12 17:35:09+00:00,0.067,0.933,0.0,-0.25,True,False,[]
322,2023-04-12 17:21:23+00:00,0.021,0.831,0.148,0.7809,False,False,['Genshin Impact']
323,2023-04-12 17:19:02+00:00,0.0,0.759,0.241,0.5859,False,False,['Genshin Impact']
324,2023-04-12 16:52:08+00:00,0.131,0.818,0.052,-0.5423,True,False,['Genshin Impact']
325,2023-04-12 16:40:33+00:00,0.15,0.801,0.049,-0.6369,False,False,['Genshin Impact']
326,2023-04-12 16:38:14+00:00,0.0,0.92,0.08,0.2481,False,False,['Genshin Impact']
327,2023-04-12 16:32:30+00:00,0.071,0.769,0.16,0.5695,False,False,['Genshin Impact']
328,2023-04-12 16:29:04+00:00,0.198,0.664,0.139,-0.1326,True,False,['Genshin Impact']
329,2023-04-12 16:23:40+00:00,0.0,1.0,0.0,0.0,False,False,['Genshin Impact']
330,2023-04-12 16:12:43+00:00,0.0,1.0,0.0,0.0,False,False,['Genshin Impact']
331,2023-04-12 16:10:39+00:00,0.123,0.649,0.227,0.5574,True,False,['Genshin Impact']
332,2023-04-12 15:26:54+00:00,0.102,0.796,0.102,0.0,False,False,['Genshin Impact']
333,2023-04-12 15:23:56+00:00,0.0,0.946,0.054,0.4201,False,False,['Genshin Impact']
334,2023-04-12 15:08:23+00:00,0.0,0.818,0.182,0.3491,False,False,['Genshin Impact']
335,2023-04-12 15:03:55+00:00,0.087,0.728,0.185,0.4912,False,False,['Genshin Impact']
336,2023-04-12 14:56:41+00:00,0.05,0.797,0.152,0.6696,False,False,['Genshin Impact']
337,2023-04-12 14:44:44+00:00,0.0,0.713,0.287,0.6166,True,False,['Genshin Impact']
338,2023-04-12 14:35:24+00:00,0.125,0.776,0.099,-0.128,False,False,['Genshin Impact']
339,2023-04-12 14:34:30+00:00,0.097,0.55,0.353,0.9752,True,False,['Genshin Impact']
340,2023-04-12 14:15:51+00:00,0.07,0.757,0.173,0.7438,False,False,['Genshin Impact']
341,2023-04-12 13:59:44+00:00,0.13,0.846,0.024,-0.5994,True,False,['Genshin Impact']
342,2023-04-12 13:52:00+00:00,0.0,0.87,0.13,0.2023,True,False,['Genshin Impact']
343,2023-04-12 13:27:49+00:00,0.0,1.0,0.0,0.0,False,False,['Genshin Impact']
344,2023-04-12 13:19:16+00:00,0.042,0.891,0.067,0.5346,True,False,['Genshin Impact']
345,2023-04-12 12:56:57+00:00,0.0,0.893,0.107,0.3365,False,False,['Genshin Impact']
346,2023-04-12 12:56:37+00:00,0.102,0.898,0.0,-0.2584,False,False,"['Genshin Impact', 'Granblue Fantasy']"
347,2023-04-12 12:46:59+00:00,0.0,0.924,0.076,0.466,True,False,['Genshin Impact']
348,2023-04-12 12:31:49+00:00,0.109,0.818,0.073,-0.2617,True,False,['Genshin Impact']
349,2023-04-12 12:10:25+00:00,0.151,0.821,0.028,-0.8047,False,False,['Genshin Impact']
350,2023-04-12 11:52:59+00:00,0.107,0.893,0.0,-0.25,True,False,['Genshin Impact']
351,2023-04-12 11:48:22+00:00,0.0,1.0,0.0,0.0,True,False,['Genshin Impact']
352,2023-04-12 11:32:48+00:00,0.0,0.93,0.07,0.3612,False,False,['Genshin Impact']
353,2023-04-12 11:27:26+00:00,0.0,0.931,0.069,0.2481,True,False,['Genshin Impact']
354,2023-04-12 11:21:22+00:00,0.084,0.916,0.0,-0.2342,True,False,['Genshin Impact']
355,2023-04-12 11:14:59+00:00,0.0,1.0,0.0,0.0,True,False,['Genshin Impact']
356,2023-04-12 10:50:21+00:00,0.0,0.946,0.054,0.3612,False,False,['Genshin Impact']
357,2023-04-12 10:46:51+00:00,0.0,0.835,0.165,0.7092,True,False,['Genshin Impact']
358,2023-04-12 10:38:14+00:00,0.0,1.0,0.0,0.0,False,False,['Genshin Impact']
359,2023-04-12 10:32:15+00:00,0.231,0.769,0.0,-0.5859,True,False,['Genshin Impact']
360,2023-04-12 09:38:26+00:00,0.155,0.755,0.091,-0.4019,False,False,['Genshin Impact']
361,2023-04-12 09:25:51+00:00,0.0,0.739,0.261,0.6486,True,False,['Genshin Impact']
362,2023-04-12 09:23:08+00:00,0.268,0.58,0.152,-0.3818,False,False,['Genshin Impact']
363,2023-04-12 09:22:57+00:00,0.0,1.0,0.0,0.0,True,False,['Genshin Impact']
364,2023-04-12 09:19:20+00:00,0.0,1.0,0.0,0.0,False,False,['Genshin Impact']
365,2023-04-12 09:18:59+00:00,0.0,0.685,0.315,0.6204,True,False,['Genshin Impact']
366,2023-04-12 09:14:55+00:00,0.0,0.924,0.076,0.34,False,False,['Genshin Impact']
367,2023-04-12 09:14:00+00:00,0.079,0.872,0.048,-0.1531,True,False,['Genshin Impact']
368,2023-04-12 09:04:09+00:00,0.076,0.845,0.079,0.0516,True,False,['Genshin Impact']
369,2023-04-12 08:59:17+00:00,0.0,0.76,0.24,0.6124,True,False,['Genshin Impact']
370,2023-04-12 08:28:37+00:00,0.0,0.92,0.08,0.3818,False,False,['Genshin Impact']
371,2023-04-12 08:06:33+00:00,0.117,0.883,0.0,-0.3506,False,False,['Genshin Impact']
372,2023-04-12 08:05:51+00:00,0.07,0.806,0.124,0.6253,True,False,['Genshin Impact']
373,2023-04-12 07:55:22+00:00,0.129,0.702,0.17,0.1779,False,False,['Genshin Impact']
374,2023-04-12 07:45:38+00:00,0.11,0.89,0.0,-0.2732,True,False,['Genshin Impact']
375,2023-04-12 07:18:31+00:00,0.093,0.805,0.102,0.0516,False,False,['Genshin Impact']
376,2023-04-12 07:14:14+00:00,0.0,0.883,0.117,0.5719,False,False,['Genshin Impact']
377,2023-04-12 07:10:29+00:00,0.181,0.788,0.031,-0.8542,False,False,['Genshin Impact']
378,2023-04-12 07:01:37+00:00,0.174,0.826,0.0,-0.4098,False,False,['Genshin Impact']
379,2023-04-12 06:41:45+00:00,0.076,0.658,0.266,0.6696,False,False,['Genshin Impact']
380,2023-04-12 06:38:43+00:00,0.128,0.695,0.177,0.4678,True,False,['Genshin Impact']
381,2023-04-12 06:28:35+00:00,0.0,0.923,0.077,0.5023,True,False,['Genshin Impact']
382,2023-04-12 06:25:22+00:00,0.0,1.0,0.0,0.0,True,False,['Genshin Impact']
383,2023-04-12 06:18:03+00:00,0.131,0.869,0.0,-0.4341,False,False,['Genshin Impact']
384,2023-04-12 06:14:41+00:00,0.0,0.84,0.16,0.4939,False,False,['Genshin Impact']
385,2023-04-12 06:13:46+00:00,0.087,0.737,0.177,0.6697,False,False,['Genshin Impact']
386,2023-04-12 06:11:37+00:00,0.0,1.0,0.0,0.0,False,False,['Genshin Impact']
387,2023-04-12 06:08:00+00:00,0.0,0.659,0.341,0.9589,False,False,['Genshin Impact']
388,2023-04-12 05:53:37+00:00,0.0,0.708,0.292,0.6289,True,False,['Genshin Impact']
389,2023-04-12 05:47:18+00:00,0.0,1.0,0.0,0.0,False,False,['Genshin Impact']
390,2023-04-12 05:42:03+00:00,0.311,0.628,0.06,-0.7,False,False,['Genshin Impact']
391,2023-04-12 05:23:16+00:00,0.0,0.646,0.354,0.659,False,False,['Genshin Impact']
392,2023-04-12 05:05:17+00:00,0.177,0.742,0.08,-0.3749,False,False,['Genshin Impact']
393,2023-04-12 04:58:50+00:00,0.0,1.0,0.0,0.0,False,False,['Genshin Impact']
394,2023-04-12 04:56:42+00:00,0.0,1.0,0.0,0.0,True,False,['Genshin Impact']
395,2023-04-12 04:18:49+00:00,0.0,1.0,0.0,0.0,True,False,['Genshin Impact']
396,2023-04-12 03:31:01+00:00,0.167,0.769,0.064,-0.5267,True,False,['Genshin Impact']
397,2023-04-12 03:24:23+00:00,0.0,1.0,0.0,0.0,False,False,['Genshin Impact']
398,2023-04-12 03:21:28+00:00,0.058,0.579,0.363,0.8908,False,False,['Granblue Fantasy']
399,2023-04-12 03:14:12+00:00,0.369,0.631,0.0,-0.6249,True,False,['Genshin Impact']
400,2023-04-12 03:06:08+00:00,0.0,1.0,0.0,0.0,False,False,['Genshin Impact']
401,2023-04-12 02:59:26+00:00,0.0,0.627,0.373,0.8779,False,False,['Genshin Impact']
402,2023-04-12 02:58:27+00:00,0.078,0.752,0.17,0.136,False,False,['Genshin Impact']
403,2023-04-12 02:50:46+00:00,0.149,0.614,0.237,0.25,False,False,['Genshin Impact']
404,2023-04-12 02:50:28+00:00,0.186,0.574,0.24,0.4993,False,False,['Genshin Impact']
405,2023-04-12 02:47:55+00:00,0.076,0.762,0.162,0.6072,False,False,['Genshin Impact']
406,2023-04-12 02:45:36+00:00,0.189,0.71,0.101,-0.3331,False,False,['Genshin Impact']
407,2023-04-12 02:45:20+00:00,0.0,1.0,0.0,0.0,False,False,['Genshin Impact']
408,2023-04-12 02:41:09+00:00,0.0,1.0,0.0,0.0,False,False,['Genshin Impact']
409,2023-04-12 02:36:45+00:00,0.0,0.769,0.231,0.4939,False,False,['Genshin Impact']
410,2023-04-12 02:31:43+00:00,0.121,0.835,0.043,-0.516,False,False,['Genshin Impact']
411,2023-04-12 02:29:56+00:00,0.199,0.617,0.184,-0.1774,False,False,['Genshin Impact']
412,2023-04-12 02:27:07+00:00,0.213,0.787,0.0,-0.6808,True,False,['Genshin Impact']
413,2023-04-12 02:27:06+00:00,0.095,0.828,0.077,-0.0772,False,False,['Genshin Impact']
414,2023-04-12 02:16:31+00:00,0.0,1.0,0.0,0.0,False,False,['Genshin Impact']
415,2023-04-12 02:05:25+00:00,0.0,0.789,0.211,0.5374,False,False,['Genshin Impact']
416,2023-04-12 01:31:54+00:00,0.0,1.0,0.0,0.0,False,False,['Genshin Impact']
417,2023-04-12 01:30:05+00:00,0.0,1.0,0.0,0.0,False,False,['Genshin Impact']
418,2023-04-12 01:10:57+00:00,0.079,0.793,0.127,0.2342,True,False,['Genshin Impact']
419,2023-04-12 01:10:17+00:00,0.0,0.807,0.193,0.7351,False,False,['Genshin Impact']
420,2023-04-12 01:08:32+00:00,0.18,0.82,0.0,-0.296,False,False,['Genshin Impact']
421,2023-04-12 00:46:58+00:00,0.0,0.829,0.171,0.5719,False,False,['Genshin Impact']
422,2023-04-12 00:44:23+00:00,0.198,0.802,0.0,-0.6369,True,False,[]
423,2023-04-12 00:42:19+00:00,0.0,0.746,0.254,0.8516,True,False,['Genshin Impact']
424,2023-04-12 00:29:24+00:00,0.0,0.796,0.204,0.8577,False,False,['Genshin Impact']
425,2023-04-12 00:24:19+00:00,0.0,1.0,0.0,0.0,False,False,['Genshin Impact']
426,2023-04-11 23:41:10+00:00,0.064,0.802,0.134,0.3182,False,False,['Genshin Impact']
427,2023-04-11 23:38:55+00:00,0.0,0.945,0.055,0.0258,False,False,['Genshin Impact']
428,2023-04-11 23:34:33+00:00,0.0,1.0,0.0,0.0,False,False,['Genshin Impact']
429,2023-04-11 23:31:24+00:00,0.177,0.635,0.188,-0.5132,False,False,['Genshin Impact']
430,2023-04-11 22:56:07+00:00,0.075,0.654,0.271,0.8863,True,False,['Genshin Impact']
431,2023-04-11 22:27:07+00:00,0.118,0.742,0.14,0.1275,False,False,['Genshin Impact']
432,2023-04-11 22:25:59+00:00,0.14,0.814,0.045,-0.7391,False,False,['Genshin Impact']
433,2023-04-11 21:52:57+00:00,0.206,0.695,0.099,-0.6502,False,False,['Genshin Impact']
434,2023-04-11 21:40:35+00:00,0.0,0.731,0.269,0.9161,True,False,['Genshin Impact']
435,2023-04-11 21:28:47+00:00,0.0,0.778,0.222,0.8346,True,False,['Genshin Impact']
436,2023-04-11 20:46:47+00:00,0.098,0.902,0.0,-0.4052,False,False,['Genshin Impact']
437,2023-04-11 20:46:34+00:00,0.07,0.832,0.098,0.3619,True,False,['Genshin Impact']
438,2023-04-11 20:31:30+00:00,0.042,0.781,0.177,0.773,False,False,['Genshin Impact']
439,2023-04-11 20:19:05+00:00,0.174,0.703,0.122,-0.4588,False,False,['Genshin Impact']
440,2023-04-11 20:04:31+00:00,0.078,0.716,0.206,0.4515,True,False,[]
441,2023-04-11 19:40:59+00:00,0.0,1.0,0.0,0.0,False,False,['Genshin Impact']
442,2023-04-11 18:22:08+00:00,0.034,0.596,0.37,0.9561,True,False,['Granblue Fantasy']
443,2023-04-11 17:23:47+00:00,0.095,0.532,0.372,0.8526,True,False,['Genshin Impact']
444,2023-04-11 17:08:13+00:00,0.122,0.729,0.149,0.3716,False,False,['Genshin Impact']
445,2023-04-11 17:03:28+00:00,0.0,0.884,0.116,0.5652,True,False,['Genshin Impact']
446,2023-04-11 17:02:09+00:00,0.0,0.636,0.364,0.9364,True,False,['Genshin Impact']
447,2023-04-11 16:46:21+00:00,0.042,0.929,0.029,-0.1666,True,False,['Genshin Impact']
448,2023-04-11 16:46:19+00:00,0.115,0.815,0.07,-0.3382,False,False,['Genshin Impact']
449,2023-04-11 16:34:48+00:00,0.143,0.857,0.0,-0.3612,True,False,"[""Girl's Frontline""]"
450,2023-04-11 16:33:43+00:00,0.0,0.717,0.283,0.743,True,False,['Genshin Impact']
451,2023-04-11 16:31:44+00:00,0.0,0.895,0.105,0.7154,True,False,['Genshin Impact']
452,2023-04-11 16:27:46+00:00,0.0,0.867,0.133,0.5927,True,False,['Genshin Impact']
453,2023-04-11 16:26:08+00:00,0.0,0.741,0.259,0.6808,True,False,['Genshin Impact']
454,2023-04-11 16:17:06+00:00,0.0,1.0,0.0,0.0,True,False,['Genshin Impact']
455,2023-04-11 16:11:42+00:00,0.073,0.742,0.185,0.6652,True,False,['Genshin Impact']
456,2023-04-11 16:10:18+00:00,0.0,1.0,0.0,0.0,True,False,['Genshin Impact']
457,2023-04-11 16:08:50+00:00,0.135,0.66,0.206,0.661,False,False,['Genshin Impact']
458,2023-04-11 16:06:16+00:00,0.442,0.495,0.063,-0.9331,False,False,['Genshin Impact']
459,2023-04-11 16:05:50+00:00,0.0,0.909,0.091,0.528,False,False,['Genshin Impact']
460,2023-04-11 15:55:43+00:00,0.0,0.832,0.168,0.4648,False,False,['Genshin Impact']
461,2023-04-11 15:28:25+00:00,0.085,0.594,0.322,0.9212,True,False,['Genshin Impact']
462,2023-04-11 14:40:14+00:00,0.0,0.816,0.184,0.7717,True,False,['Genshin Impact']
463,2023-04-11 13:52:11+00:00,0.0,1.0,0.0,0.0,True,False,['Genshin Impact']
464,2023-04-11 13:32:39+00:00,0.024,0.692,0.284,0.9602,False,False,['Genshin Impact']
465,2023-04-11 13:22:07+00:00,0.0,0.833,0.167,0.7346,True,False,['Genshin Impact']
466,2023-04-11 13:00:34+00:00,0.183,0.524,0.293,0.2732,True,False,['Genshin Impact']
467,2023-04-11 12:55:40+00:00,0.153,0.619,0.228,0.2062,False,False,['Genshin Impact']
468,2023-04-11 12:47:03+00:00,0.0,0.647,0.353,0.8516,True,False,['Genshin Impact']
469,2023-04-11 12:08:46+00:00,0.06,0.885,0.055,-0.0516,False,False,['Granblue Fantasy']
470,2023-04-11 11:50:06+00:00,0.076,0.825,0.1,-0.0772,False,False,['Genshin Impact']
471,2023-04-11 11:15:28+00:00,0.072,0.928,0.0,-0.2732,True,False,['Genshin Impact']
472,2023-04-11 10:56:48+00:00,0.0,0.962,0.038,0.0387,False,False,['Genshin Impact']
473,2023-04-11 10:17:45+00:00,0.109,0.612,0.279,0.5984,True,False,['Genshin Impact']
474,2023-04-11 10:17:40+00:00,0.0,1.0,0.0,0.0,True,False,['Genshin Impact']
475,2023-04-11 09:38:46+00:00,0.0,0.833,0.167,0.7003,True,False,['Genshin Impact']
476,2023-04-11 08:34:19+00:00,0.0,0.878,0.122,0.3612,True,False,['Genshin Impact']
477,2023-04-11 08:30:07+00:00,0.0,0.781,0.219,0.6369,False,False,['Genshin Impact']
478,2023-04-11 08:04:52+00:00,0.0,0.942,0.058,0.0772,True,False,[]
479,2023-04-11 07:57:51+00:00,0.209,0.71,0.081,-0.3053,False,False,['Genshin Impact']
480,2023-04-11 07:14:22+00:00,0.128,0.783,0.089,-0.2732,False,False,['Genshin Impact']
481,2023-04-11 06:08:00+00:00,0.0,1.0,0.0,0.0,True,False,['Genshin Impact']
482,2023-04-11 06:05:08+00:00,0.026,0.876,0.098,0.5423,True,False,['Genshin Impact']
483,2023-04-11 05:41:03+00:00,0.358,0.342,0.3,-0.3688,False,False,['Genshin Impact']
484,2023-04-11 04:57:48+00:00,0.046,0.852,0.103,0.3818,True,False,['Genshin Impact']
485,2023-04-11 04:37:28+00:00,0.053,0.947,0.0,-0.3612,True,False,['Genshin Impact']
486,2023-04-11 04:31:29+00:00,0.061,0.725,0.214,0.6378,True,False,['Genshin Impact']
487,2023-04-11 02:51:32+00:00,0.227,0.706,0.066,-0.8519,True,False,['Genshin Impact']
488,2023-04-11 02:25:34+00:00,0.0,0.716,0.284,0.7597,False,False,['Genshin Impact']
489,2023-04-11 02:14:23+00:00,0.189,0.811,0.0,-0.4215,False,False,['Genshin Impact']
490,2023-04-11 02:11:57+00:00,0.0,1.0,0.0,0.0,True,False,['Genshin Impact']
491,2023-04-11 01:12:58+00:00,0.08,0.822,0.098,0.119,True,False,['Genshin Impact']
492,2023-04-11 00:51:16+00:00,0.056,0.718,0.226,0.8727,False,False,['Genshin Impact']
493,2023-04-11 00:44:12+00:00,0.036,0.893,0.071,0.2944,True,False,['Genshin Impact']
494,2023-04-11 00:31:30+00:00,0.0,1.0,0.0,0.0,True,False,['Genshin Impact']
495,2023-04-11 00:26:16+00:00,0.332,0.668,0.0,-0.7149,False,False,['Genshin Impact']
496,2023-04-11 00:21:50+00:00,0.07,0.93,0.0,-0.2411,False,False,['Genshin Impact']
497,2023-04-11 00:21:15+00:00,0.0,0.799,0.201,0.7783,True,False,['Azur Lane']
498,2023-04-11 00:00:31+00:00,0.117,0.759,0.125,0.0863,False,False,['Genshin Impact']
499,2023-04-10 23:50:44+00:00,0.0,1.0,0.0,0.0,True,False,['Genshin Impact']
500,2023-04-10 23:27:57+00:00,0.0,0.77,0.23,0.636,True,False,['Genshin Impact']
501,2023-04-10 23:07:20+00:00,0.05,0.88,0.071,0.0258,True,False,['Genshin Impact']
502,2023-04-10 22:57:05+00:00,0.089,0.661,0.25,0.8079,False,False,['Genshin Impact']
503,2023-04-10 22:48:58+00:00,0.0,0.617,0.383,0.8268,True,False,['Genshin Impact']
504,2023-04-10 21:36:34+00:00,0.0,0.876,0.124,0.7574,False,False,['Genshin Impact']
505,2023-04-10 21:36:31+00:00,0.089,0.721,0.19,0.4767,False,False,['Genshin Impact']
506,2023-04-10 20:59:28+00:00,0.0,0.906,0.094,0.3832,False,False,['Genshin Impact']
507,2023-04-10 20:28:22+00:00,0.249,0.595,0.157,-0.1779,True,False,['Granblue Fantasy']
508,2023-04-10 20:26:07+00:00,0.177,0.693,0.13,-0.0428,False,False,['Genshin Impact']
509,2023-04-10 20:03:33+00:00,0.212,0.788,0.0,-0.7913,True,False,['Genshin Impact']
510,2023-04-10 19:33:02+00:00,0.091,0.786,0.123,0.0772,True,False,['Genshin Impact']
511,2023-04-10 19:32:10+00:00,0.0,0.605,0.395,0.8176,True,False,['Genshin Impact']
512,2023-04-10 19:31:48+00:00,0.0,1.0,0.0,0.0,True,False,['Genshin Impact']
513,2023-04-10 18:55:54+00:00,0.115,0.8,0.085,0.0,True,False,['Genshin Impact']
514,2023-04-10 18:52:35+00:00,0.052,0.871,0.077,0.2484,True,False,['Genshin Impact']
515,2023-04-10 18:50:42+00:00,0.0,0.839,0.161,0.8271,True,False,[]
516,2023-04-10 18:41:01+00:00,0.0,0.881,0.119,0.4767,True,False,[]
517,2023-04-10 18:26:06+00:00,0.0,0.804,0.196,0.6841,True,False,['Genshin Impact']
518,2023-04-10 17:51:03+00:00,0.0,0.776,0.224,0.6705,True,False,['Genshin Impact']
519,2023-04-10 17:47:01+00:00,0.0,0.727,0.273,0.3885,True,False,['Genshin Impact']
520,2023-04-10 17:32:36+00:00,0.0,0.686,0.314,0.4939,True,False,[]
521,2023-04-10 17:21:18+00:00,0.098,0.863,0.038,-0.6124,True,False,['Genshin Impact']
522,2023-04-10 16:55:51+00:00,0.212,0.788,0.0,-0.6486,False,False,['Genshin Impact']
523,2023-04-10 16:47:28+00:00,0.0,0.701,0.299,0.8126,False,False,['Genshin Impact']
524,2023-04-10 16:19:30+00:00,0.0,1.0,0.0,0.0,False,False,['Genshin Impact']
525,2023-04-10 16:18:42+00:00,0.0,0.806,0.194,0.8777,False,False,['Genshin Impact']
526,2023-04-10 16:05:53+00:00,0.235,0.642,0.123,-0.2452,True,False,['Genshin Impact']
527,2023-04-10 16:04:06+00:00,0.18,0.639,0.18,-0.0,False,False,['Genshin Impact']
528,2023-04-10 15:36:07+00:00,0.047,0.731,0.221,0.7771,True,False,['Genshin Impact']
529,2023-04-10 15:28:14+00:00,0.204,0.552,0.244,0.4986,True,False,['Genshin Impact']
530,2023-04-10 15:18:05+00:00,0.0,1.0,0.0,0.0,True,False,['Raid Shadow Legends']
531,2023-04-10 15:16:10+00:00,0.032,0.869,0.099,0.7122,True,False,['Genshin Impact']
532,2023-04-10 15:10:24+00:00,0.0,0.445,0.555,0.9747,True,False,['Genshin Impact']
533,2023-04-10 15:08:06+00:00,0.041,0.798,0.161,0.711,True,False,['Genshin Impact']
534,2023-04-10 14:37:10+00:00,0.0,0.76,0.24,0.802,True,False,['Azur Lane']
535,2023-04-10 14:28:22+00:00,0.21,0.79,0.0,-0.7095,True,False,['Genshin Impact']
536,2023-04-10 13:48:01+00:00,0.0,1.0,0.0,0.0,False,False,['Genshin Impact']
537,2023-04-10 13:47:29+00:00,0.0,0.824,0.176,0.7354,True,False,['Genshin Impact']
538,2023-04-10 13:39:34+00:00,0.046,0.771,0.182,0.7226,True,False,['Genshin Impact']
539,2023-04-10 13:01:58+00:00,0.15,0.85,0.0,-0.7562,False,False,['Genshin Impact']
540,2023-04-10 12:39:09+00:00,0.065,0.79,0.145,0.4804,False,False,['Genshin Impact']
541,2023-04-10 11:58:11+00:00,0.179,0.699,0.121,-0.4692,False,False,['Genshin Impact']
542,2023-04-10 11:34:17+00:00,0.067,0.863,0.069,0.2734,True,False,['Genshin Impact']
543,2023-04-10 10:39:12+00:00,0.06,0.743,0.196,0.8655,True,False,['Genshin Impact']
544,2023-04-10 10:37:01+00:00,0.082,0.614,0.304,0.8217,True,False,['Genshin Impact']
545,2023-04-10 10:33:16+00:00,0.06,0.862,0.078,-0.3142,False,False,['Genshin Impact']
546,2023-04-10 10:09:05+00:00,0.0,0.761,0.239,0.296,True,False,['Granblue Fantasy']
547,2023-04-10 10:01:48+00:00,0.179,0.522,0.299,0.4153,True,False,['Genshin Impact']
548,2023-04-10 09:41:04+00:00,0.0,1.0,0.0,0.0,False,False,['Genshin Impact']
549,2023-04-10 09:30:17+00:00,0.082,0.918,0.0,-0.1326,False,False,['Genshin Impact']
550,2023-04-10 09:22:01+00:00,0.0,1.0,0.0,0.0,True,False,['Genshin Impact']
551,2023-04-10 09:11:14+00:00,0.0,0.844,0.156,0.34,True,False,['Genshin Impact']
552,2023-04-10 08:32:15+00:00,0.138,0.862,0.0,-0.3724,False,False,['Genshin Impact']
553,2023-04-10 07:29:08+00:00,0.066,0.806,0.128,0.4437,False,False,['Genshin Impact']
554,2023-04-10 07:19:43+00:00,0.0,0.585,0.415,0.8316,True,False,['Genshin Impact']
555,2023-04-10 07:10:49+00:00,0.0,0.857,0.143,0.25,False,False,['Genshin Impact']
556,2023-04-10 07:09:28+00:00,0.0,1.0,0.0,0.0,True,False,['Genshin Impact']
557,2023-04-10 07:00:42+00:00,0.0,1.0,0.0,0.0,True,False,['Genshin Impact']
558,2023-04-10 06:51:04+00:00,0.0,1.0,0.0,0.0,False,False,['Genshin Impact']
559,2023-04-10 06:20:04+00:00,0.0,0.789,0.211,0.631,True,False,['Genshin Impact']
560,2023-04-10 06:11:29+00:00,0.091,0.909,0.0,-0.3182,False,False,['Genshin Impact']
561,2023-04-10 06:04:04+00:00,0.0,0.865,0.135,0.6808,True,False,['Genshin Impact']
562,2023-04-10 05:18:26+00:00,0.0,1.0,0.0,0.0,False,False,['Genshin Impact']
563,2023-04-10 04:22:14+00:00,0.16,0.777,0.063,-0.6315,False,False,['Genshin Impact']
564,2023-04-10 04:21:48+00:00,0.0,0.931,0.069,0.3182,False,False,['Genshin Impact']
565,2023-04-10 04:09:57+00:00,0.0,1.0,0.0,0.0,False,False,['Granblue Fantasy']
566,2023-04-10 04:09:29+00:00,0.0,0.753,0.247,0.6426,False,False,['Genshin Impact']
567,2023-04-10 03:45:53+00:00,0.056,0.645,0.299,0.9118,True,False,['Genshin Impact']
568,2023-04-10 02:39:58+00:00,0.0,0.799,0.201,0.7003,False,False,['Genshin Impact']
569,2023-04-10 02:39:18+00:00,0.0,0.82,0.18,0.4096,True,False,['Genshin Impact']
570,2023-04-10 02:26:08+00:00,0.0,0.8,0.2,0.6428,True,False,['Genshin Impact']
571,2023-04-10 02:01:10+00:00,0.0,0.92,0.08,0.2732,False,False,['Genshin Impact']
572,2023-04-10 01:54:54+00:00,0.0,1.0,0.0,0.0,False,False,['Genshin Impact']
573,2023-04-10 01:53:40+00:00,0.0,0.819,0.181,0.743,False,False,['Genshin Impact']
574,2023-04-10 01:43:18+00:00,0.072,0.815,0.112,-0.0129,False,False,['Genshin Impact']
575,2023-04-10 01:37:13+00:00,0.021,0.719,0.261,0.9331,True,False,['Genshin Impact']
576,2023-04-10 01:22:06+00:00,0.222,0.679,0.099,-0.3291,False,False,['Genshin Impact']
577,2023-04-10 01:07:55+00:00,0.277,0.645,0.078,-0.7506,False,False,['Genshin Impact']
578,2023-04-10 00:59:48+00:00,0.075,0.898,0.027,-0.5251,True,False,['Genshin Impact']
579,2023-04-10 00:59:11+00:00,0.045,0.858,0.096,0.4497,True,False,['Genshin Impact']
580,2023-04-10 00:57:24+00:00,0.055,0.898,0.047,-0.0935,True,False,['Genshin Impact']
581,2023-04-10 00:41:59+00:00,0.108,0.82,0.072,-0.2315,True,False,['Genshin Impact']
582,2023-04-10 00:36:26+00:00,0.0,0.928,0.072,0.2382,False,False,['Genshin Impact']
583,2023-04-10 00:24:37+00:00,0.0,0.766,0.234,0.5994,False,False,['Genshin Impact']
584,2023-04-09 23:58:13+00:00,0.05,0.899,0.05,0.0,True,False,[]
585,2023-04-09 23:41:59+00:00,0.084,0.826,0.089,0.0772,True,False,['Genshin Impact']
586,2023-04-09 23:08:29+00:00,0.109,0.698,0.193,0.5276,True,False,['Genshin Impact']
587,2023-04-09 23:05:07+00:00,0.086,0.812,0.101,0.2051,True,False,['Genshin Impact']
588,2023-04-09 23:02:23+00:00,0.096,0.808,0.097,-0.2382,True,False,['Genshin Impact']
589,2023-04-09 22:42:08+00:00,0.232,0.768,0.0,-0.6428,True,False,['Genshin Impact']
590,2023-04-09 22:41:16+00:00,0.0,0.725,0.275,0.8442,False,False,['Genshin Impact']
591,2023-04-09 21:15:14+00:00,0.0,1.0,0.0,0.0,True,False,['Genshin Impact']
592,2023-04-09 20:46:51+00:00,0.042,0.904,0.054,0.1027,False,False,['Genshin Impact']
593,2023-04-09 20:45:24+00:00,0.081,0.753,0.166,0.2023,False,False,['Genshin Impact']
594,2023-04-09 20:04:22+00:00,0.216,0.648,0.137,-0.4927,False,False,['Genshin Impact']
595,2023-04-09 19:04:52+00:00,0.0,0.667,0.333,0.5423,True,False,['Genshin Impact']
596,2023-04-09 17:52:28+00:00,0.14,0.669,0.191,0.2656,False,False,['Genshin Impact']
597,2023-04-09 16:45:21+00:00,0.0,0.448,0.552,0.941,True,False,['Genshin Impact']
598,2023-04-09 16:34:13+00:00,0.0,0.811,0.189,0.8225,True,False,['Genshin Impact']
599,2023-04-09 16:30:16+00:00,0.09,0.816,0.093,0.0258,False,False,['Genshin Impact']
